Id,Title,ViewCount,Score,Rank
379906,Parse String to Float or Int,2157525,1304,0
423379,Using global variables in a function other than the one that created them,1942198,1919,1
82831,How do I check whether a file exists using Python?,1929211,3147,2
89228,Calling an external command in Python,1860347,2651,3
961632,Converting integer to string in Python?,1731635,743,5
3277503,How do I read a file line-by-line into a list?,1728787,1147,6
1712227,How to get the size of a list,1608760,1144,7
4750806,How do I install pip on Windows?,1592157,1827,8
3437059,Does Python have a string contains substring method?,1535620,1804,10
3207219,How to list all files of a directory?,1440584,1807,11
252703,append vs. extend,1404533,1900,12
1024847,Add new keys to a dictionary?,1387315,1373,13
81584,What IDE to use for Python?,1387300,1031,14
663171,Is there a way to substring a string in Python?,1369626,1138,15
1602934,Check if a given key already exists in a dictionary,1352350,1459,16
415511,How to get current time in Python,1310358,1363,17
510348,How can I make a time delay in Python?,1299891,1300,18
455612,Limiting floats to two decimal points,1235682,754,21
6159900,Correct way to write line to file in Python,1123679,568,25
53513,Best way to check if a list is empty,1100343,1915,26
466345,Converting string into datetime,1085824,969,27
6797984,How to convert string to lowercase in Python?,1084156,986,28
419163,"What does if __name__ == ""__main__"": do?",1069463,2665,29
518021,Getting the length of an array in Python,1001000,457,30
5137497,Find current directory and file's directory,999917,955,31
743806,Split string into a list in Python,975304,271,32
6667201,How to define two-dimensional array in python,972775,363,33
402504,How to determine a variable's type?,958146,732,34
576169,Understanding Python super() with __init__() methods,952333,1499,35
275018,How can I remove (chomp) a newline in Python?,942193,1056,36
394809,Does Python have a ternary conditional operator?,877230,3091,39
1450393,How do you read from stdin in Python?,866475,955,41
2225038,Determine the type of an object?,859246,994,42
6996603,How to delete a file or folder?,843596,871,44
4706499,How do you append to a file?,831592,846,46
930397,Getting the last element of a list in Python,795718,964,49
1514553,How to declare an array in Python?,794679,235,50
509211,Explain Python's slice notation,780449,1610,51
60208,Replacements for switch statement in Python?,748133,941,55
493819,Python join: why is it string.join(list) instead of list.join(string)?,745551,1044,56
123198,How do I copy a file in python?,724134,962,60
73663,Terminating a Python script,712889,547,62
6416131,Python add new item to dictionary,704912,271,64
2817869,error: Unable to find vcvarsall.bat,699265,730,65
9542738,Python: Find in list,697736,248,67
952914,Making a flat list out of list of lists in Python,697345,1284,68
372885,How do I connect to a MySQL Database in Python?,695047,764,70
1093322,How do I check what version of Python is running my script?,687928,604,71
761804,Trimming a string in Python,675852,685,72
675442,Comment out a Python code block,671214,281,74
227459,ASCII value of a character in Python,670091,607,75
11060506,"Is there a ""not equal"" operator in Python?",668906,172,77
2988017,String comparison in Python: is vs. ==,666969,359,78
8270092,Python remove all whitespace in a string,663110,334,79
2793324,Is there a simple way to delete a list element by value?,662456,427,80
743164,Emulate a do-while loop in Python?,658068,402,82
279237,Import a module from a relative path,656898,609,83
1912434,How do I parse XML in Python?,651938,581,84
5618878,How to convert list to string,646279,222,86
7571635,Fastest way to check if a value exist in a list,643954,298,87
899103,Writing a list to a file with Python,639242,265,88
2612802,How to clone or copy a list?,635219,1132,90
3289601,null object in Python?,612657,541,95
3940128,How can I reverse a list in python?,606994,468,98
5844672,Delete an item from a dictionary,604354,532,101
2600191,How can I count the occurrences of a list item in Python?,591728,742,104
9001509,How can I sort a dictionary by key?,591277,437,105
739993,How can I get a list of locally installed Python modules?,585554,591,106
492387,IndentationError: unindent does not match any outer indentation level,570564,274,108
354883,How do you return multiple values in Python?,558620,528,111
3394835,*args and **kwargs?,558461,895,112
3939361,Remove specific characters from a string in python,553377,258,114
735975,Static methods in Python?,540975,1098,115
7961363,Removing duplicates in lists,532425,406,118
1207457,Convert a Unicode string to a string in Python (containing extra symbols),529889,306,119
36932,How can I represent an 'Enum' in Python?,506808,1146,123
9622163,Save plot to image file instead of displaying it using Matplotlib (so it can be used in batch scripts for example),504406,479,125
27885397,How do I install a Python package with a .whl file?,501886,391,126
3701646,How to add to the pythonpath in windows 7?,497054,175,127
8023306,Get key by value in dictionary,483222,233,130
2967194,open() in Python does not create a file if it doesn't exist,464134,380,140
2709821,What is the purpose of self?,464000,658,141
1485841,Behaviour of increment and decrement operators in Python,447356,437,148
8009882,"How to read large file, line by line in python",433693,298,153
541390,Extracting extension from filename in Python,433291,664,154
843277,How do I check if a variable exists?,431435,441,155
2711579,Concatenate strings in python 2.4?,422845,99,158
510972,Getting the class name of an instance in Python,421080,778,160
312443,How do you split a list into evenly sized chunks?,420606,1118,161
6289474,Working with utf-8 encoding in Python source,419171,254,163
1747817,Create a dictionary with list comprehension in Python,400951,774,171
19410042,How to make IPython notebook matplotlib plot inline,394498,378,176
845058,How to get line count cheaply in Python?,393469,543,178
610883,How to know if an object has an attribute in Python,389752,844,181
1187970,How to exit from Python without traceback?,389554,174,182
7370801,Measure time elapsed in Python?,383179,353,186
237079,How to get file creation & modification date/times in Python?,379692,520,191
678236,How to get the filename without the extension from a path in Python?,374885,368,194
10017147,Removing a list of characters in string,374069,196,195
3781851,"Run a python script from another python script, passing in args",372544,171,196
2759067,Rename Files in Python,363820,289,203
7225900,How to pip install packages according to requirements.txt from a local directory?,356361,474,206
4130027,Python count elements in list,355722,135,208
448271,What is __init__.py for?,354201,889,210
5904969,How to print a dictionary's key?,352920,92,211
890128,Why are Python lambdas useful?,349182,637,213
10406130,Check if something is not in a list in Python,344554,123,219
303200,How do I remove/delete a folder that is not empty with Python?,344014,541,222
7716331,Calculating arithmetic mean (average) in Python,341685,163,226
21129020,"How to fix: ""UnicodeDecodeError: 'ascii' codec can't decode byte""",334787,169,234
491921,Unicode (UTF-8) reading and writing to files in Python,333523,210,236
1436703,Difference between __str__ and __repr__ in Python,330409,1567,239
437589,How do I unload (reload) a Python module?,326890,464,248
477486,How to use a decimal range() step value?,325540,332,249
319426,How do I do a case insensitive string comparison in Python?,324602,302,250
805066,Call a parent class's method from child class in Python?,323874,313,252
2847386,Python String and Integer concatenation,321668,197,253
5458048,How to make a Python script standalone executable to run without ANY dependency?,320185,266,256
8858008,How to move a file in Python,317949,330,258
1027714,How to execute a file within the python interpreter?,314338,148,266
104420,How to generate all permutations of a list in Python,313828,314,269
5982206,How to print a linebreak in a python function?,313770,41,270
1535327,How to print a class or objects of class using print()?,311038,270,273
51520,How to get an absolute file path in Python,309582,356,275
674764,Examples for string find in Python,308543,50,276
3013449,List filtering: list comprehension vs. lambda + filter,306970,402,277
494594,How to write the Fibonacci Sequence in Python,303607,78,281
21530577,fatal error: Python.h: No such file or directory,302568,420,283
3545331,How can I get dictionary key as variable directly in Python (not by searching from value)?,302106,107,285
4383571,Importing files from different folder in Python,301918,365,287
432842,How do you get the logical xor of two variables in Python?,301205,355,289
521674,Initializing a list to a known number of elements in Python,297240,151,291
4978787,How to split a string into array of characters with Python?,296824,212,293
1250103,AttributeError: 'module' object has no attribute,296465,87,294
10458437,What is the difference between dict.items() and dict.iteritems()?,293152,402,298
139180,listing all functions in a python module,285549,182,309
3121979,How to sort (list/tuple) of lists/tuples?,284766,300,310
5998245,Get current time in milliseconds in Python?,282771,203,313
3819449,How to uninstall Python 2.7 on a Mac OS X 10.6.4?,280517,175,319
4940032,Search for string in txt file Python,279496,68,321
5319922,Python - Check If Word Is In A String,279281,76,322
3561691,python: SyntaxError: EOL while scanning string literal,274202,53,330
454854,No module named MySQLdb,272677,228,333
364621,How to get item's position in a list?,272381,116,334
247770,Retrieving python module path,268631,397,338
3061761,Numpy array dimensions,268590,183,339
3777861,setting y-axis limit in matplotlib,268092,140,341
209840,Map two lists into a dictionary in Python,264311,510,349
2269827,How to convert an int to a hex string?,263681,97,350
1550226,python setup.py uninstall,262499,537,352
1038824,How do I remove a substring from the end of a string in Python?,257945,183,363
2972212,Creating an empty list in Python,256194,106,364
450285,Executing command line programs from within python,255983,97,366
2582138,finding and replacing elements in a list (python),246500,106,385
2792650,"Python3 error: ""Import error: No module name urllib2""",245338,146,392
2775864,Python Create unix timestamp five minutes in the future,242825,285,394
1549641,How to capitalize the first letter of each word in a string (Python)?,241416,298,397
1400608,How to empty a list in Python?,240203,238,402
1540049,Replace values in list using Python,238865,65,403
2081836,Reading specific lines only (Python),236468,96,410
36901,What does ** (double star) and * (star) do for parameters?,234618,1011,414
21122540,input() error - NameError: name '...' is not defined,233360,70,419
11094718,error: command 'gcc' failed with exit status 1 while installing eventlet,231942,129,424
1186789,What is the best way to call a Python script from another Python script?,231852,148,425
11425106,Python pip install fails: invalid command egg_info,229823,173,429
16720541,Python string.replace regular expression,228470,118,434
7899732,Which is the best IDE for Python For Windows,228345,30,435
1265665,"Python: Check if a string represents an int, Without using Try/Except?",228289,187,436
6468397,How to check Django version,227649,278,440
14676265,How to read text file into a list or array with Python,227045,40,443
2958684,Python division,226371,87,447
273946,How do I resize an image using PIL and maintain its aspect ratio?,224636,216,450
12934190,Is there a short contains function for lists?,221628,203,457
893162,What's a good IDE for Python on Mac OS X?,221300,100,458
8777753,Converting datetime.date to UTC timestamp in Python,221103,151,459
3518778,How to read csv into record array in numpy?,221037,194,460
94935,What is the difference between range and xrange functions in Python 2.X?,217097,465,475
20180543,How to check version of python modules?,209227,208,500
14693646,Writing to CSV with Python adds blank lines,206645,73,511
14847457,"How do I find the length (or dimensions, size) of a numpy matrix in python?",206346,57,512
497765,Python string.join(list) on object array rather than string array,204177,151,522
1401712,How can the euclidean distance be calculated with numpy?,199468,186,539
7586063,How to calculate the angle between a line and the horizontal axis?,198634,220,542
20646822,How to serve static files in Flask,198622,184,543
1995615,How can I format a decimal to always show 2 decimal places?,196766,116,548
7409780,Reading entire file in Python,196714,179,549
3987041,Python: Run function from the command line,193816,149,561
733454,Best way to format integer as string with leading zeros?,192096,132,566
79797,How do I convert local time to UTC in Python?,190603,168,575
159720,What is the naming convention in Python for variable and function names?,189883,384,578
185936,Delete Folder Contents in Python,188491,194,585
7771011,Parse JSON in Python,184794,74,598
6077675,"Why am I seeing ""TypeError: string indices must be integers""?",184565,54,599
2667509,CURL alternative in Python,184195,98,603
5178416,pip install lxml error ,184176,217,604
7361253,How to determine whether a substring is in a different string,181782,90,614
18053500,TypeError: not all arguments converted during string formatting python,181632,83,616
11322430,Python: How to send POST request?,179966,83,625
7152762,How to redirect 'print' output to a file using python?,179696,48,626
279561,What is the Python equivalent of static variables inside a function?,179099,349,629
546321,How do I calculate the date six months from the current date using the datetime Python module?,178069,163,639
749796,Pretty printing XML in Python,177879,285,640
687295,How do I do a not equal in Django queryset filtering?,177372,394,643
1798465,Python Remove last 3 characters of a string,177337,66,645
4499073,"Printing without newline (print 'a',) prints a space, how to remove?",176828,110,647
163542,Python - How do I pass a string into subprocess.Popen (using the stdin argument)?,176573,191,648
11403932,Python AttributeError: 'module' object has no attribute 'Serial',173650,56,660
16296643,Convert tuple to list and back,173573,76,661
1316767,How can I explicitly free memory in Python?,173046,144,665
1708510,"python: list vs tuple, when to use each?",172983,247,666
2990121,How do I loop through a Python list by twos?,171702,117,672
956867,How to get string objects instead of Unicode ones from JSON in Python?,170915,200,681
11844072,Python: TypeError: cannot concatenate 'str' and 'int' objects,170450,76,684
1823058,How to print number with commas as thousands separators?,169775,335,687
4831680,If function A is required only by function B should A be defined inside B?,168729,87,689
27835619,"""SSL: CERTIFICATE_VERIFY_FAILED"" Error",167619,71,699
237128,Is there a reason Python strings don't have a string length method?,167499,171,700
3431825,Generating an MD5 checksum of a file,166126,166,703
252417,How can I use a DLL file from Python?,161080,112,740
1094717,Convert a string to integer with decimal in Python,159597,36,749
16005707,Index Error: list index out of range (Python),157753,5,762
11487049,Python: list of lists,157735,12,763
934160,Write to UTF-8 file in Python,157445,123,765
510357,Python read a single character from the user,155458,169,778
3362600,How to send email attachments with Python,153306,147,793
944592,Best practice for Python Assert,151288,318,807
2075128,"Python, print all floats to 2 decimal places in output",150612,30,810
4406389,if else in a list comprehension,150258,198,814
8183146,Two dimensional array in python,150254,20,815
1911281,How do I get list of methods in a Python class?,150241,175,816
2376464,TypeError: unsupported operand type(s) for -: 'str' and 'int',149933,21,817
3586106,Perform commands over ssh with Python,148541,52,834
1773805,How can I parse a YAML file in Python,147797,245,838
12524994,Encrypt & Decrypt using PyCrypto AES 256,147020,89,844
2161752,How to count the frequency of the elements in a list?,145238,84,853
364519,"In Python, how do I iterate over a dictionary in sorted order?",145234,152,855
19602931,Basic http file downloading and saving to disk in python?,144136,77,866
10777271,Python using enumerate inside list comprehension,143268,76,871
4676433,"Solving ""DLL load failed: %1 is not a valid Win32 application."" for Pygame",143176,81,872
4488570,"How do I write a ""tab"" in Python?",142792,52,875
5954603,Transposing a NumPy array,141960,79,881
276052,How to get current CPU and RAM usage in Python?,141898,165,884
3277367,How does Python's super() work with multiple inheritance?,140229,438,898
110259,Which Python memory profiler is recommended?,138416,497,920
4548684,How to get the seconds since epoch from the time + date output of gmtime() in Python?,136395,85,945
42950,Get Last Day of the Month in Python,136326,354,947
3323001,"What is the maximum recursion depth in Python, and how to increase it?",135890,147,952
17247471,How to run a python script from IDLE interactive shell?,135220,46,959
2189800,Length of an integer in Python,133749,110,975
1476,How do you express binary literals in Python?,133479,272,979
2733813,Iterating through a JSON object,132561,34,992
17301938,Making a request to a RESTful API using python,131370,64,1006
14604699,How to activate virtualenv?,129268,75,1028
2764017,Is False == 0 and True == 1 in Python an implementation detail or is it guaranteed by the language?,129069,145,1030
8915296,"Python Image Library fails with message ""decoder JPEG not available"" - PIL",128812,271,1034
19876079,OpenCV - cannot find module cv2,128436,34,1041
13933169,How to execute python file in linux,128345,18,1043
3265357,Compiled vs. Interpreted Languages,127940,163,1045
13331698,How to apply a function to two columns of Pandas dataframe,127064,114,1058
15315452,Selecting with complex criteria from pandas.DataFrame,126168,70,1065
1303243,How to find out if a Python object is a string?,126054,221,1066
8689964,"Why do some functions have underscores ""__"" before and after the function name?",125304,239,1075
11041405,Why dict.get(key) instead of dict[key]?,124999,180,1082
753640,Inheritance and Overriding __init__ in python,124838,96,1088
19735250,Running a Python script from PHP,122492,46,1115
6886493,Get all object attributes in Python?,122364,137,1118
13013734,String.strip() in Python,121894,19,1123
1305532,Convert Python dict to object?,120359,355,1144
24101524,Finding median of list in Python,120352,60,1145
1781571,how to concatenate two dictionaries to create a new one in Python?,120096,99,1154
3543833,How do I clear all variables in the middle of a Python script?,118975,39,1169
9210525,How do I convert hex to decimal in Python?,116911,54,1204
12201928,python open() method IOError: [Errno 2] No such file or directory:,116809,21,1208
16729574,How to get a value from a cell of a data frame?,116777,72,1209
14661051,Convert Python dictionary to JSON array,115947,47,1219
11709079,Parsing HTML using Python,114014,82,1243
19530015,How to run python script on terminal (ubuntu)?,113883,11,1245
1060279,Iterating through a range of dates in Python,113218,191,1253
1080411,retrieve links from web page using python and BeautifulSoup,112902,72,1258
471191,Why compile Python code?,112187,170,1266
38238,What are Class methods in Python for?,112026,205,1269
13187778,"Convert pandas dataframe to numpy array, preserving index",111995,73,1270
1854,Python: What OS am I running on?,111034,312,1283
4476373,Simple URL GET/POST function in Python,110822,54,1290
3896286,Image library for Python 3,110738,118,1293
8908287,Base64 encoding in Python 3,110280,71,1297
9236926,Concatenating two one-dimensional NumPy arrays,109518,113,1314
1419046,Python normal arguments vs. keyword arguments,108865,138,1322
7496547,Does Python SciPy need BLAS?,108830,164,1325
1977362,How to create module-wide variables in Python?,108822,117,1326
7534453,matplotlib does not show my drawings although I call pyplot.show(),108267,106,1334
18262293,Python Open Every File in a Folder,107988,44,1339
6916978,"How do I tell Matplotlib to create a second (new) plot, then later plot on the old one?",107664,57,1344
3090175,Python - Find the greatest number in a set of numbers,107432,44,1348
4504662,"Why does range(start, end) not include end?",106657,131,1362
12228102,How to install beautiful soup 4 with python 2.7 on windows,106608,33,1364
7974849,How can I make one python file run another?,104306,88,1401
523356,Python + Django page redirect,102989,136,1422
373335,How do I get a Cron like scheduler in Python?,102659,170,1430
16179875,Command line input in Python,101601,20,1446
8287167,Python: Generate random number between x and y which is a multiple of 5,101544,24,1447
28251314,Error: Microsoft Visual C++ 10.0 is required (Unable to find vcvarsall.bat),101360,62,1451
16807011,python: how to identify if a variable is an array or a scalar,101044,103,1459
11801309,How to loop over files with Python?,100646,46,1467
577234,"Python ""extend"" for a dictionary",100391,234,1471
6964392,Speed comparison with Project Euler: C vs Python vs Erlang vs Haskell,99608,508,1487
538551,Handling very large numbers in Python,98557,54,1501
15046242,How to sort the letters in a string alphabetically in Python,97982,64,1518
3411771,Multiple character replace with python,97822,52,1523
753190,Programmatically generate video or animated GIF in Python?,97509,90,1530
490597,Regex replace (in Python) - a simpler way?,96486,42,1544
17043860,Python dump dict to json file,96123,52,1552
929103,"Convert a number range to another range, maintaining ratio",94958,147,1581
4382945,Abstract methods in Python,94619,123,1590
8370637,Complex numbers usage in python,93992,31,1599
35991403,"Python pip install gives ""Command ""python setup.py egg_info"" failed with error code 1""",93588,44,1607
635113,"Python urllib2, basic HTTP authentication, and tr.im",93064,67,1619
6630873,How to download python from command-line?,92913,21,1625
1900956,"Write variable to file, including name",92642,7,1635
3334809,python: urllib2 how to send cookie with urlopen request,92521,73,1639
9730409,Exiting from python Command Line,91870,55,1646
4326658,Python: Index a Dictionary?,91125,30,1659
4174941,How to sort a list of lists by a specific index of the inner list?,90437,113,1676
13613336,Python concatenate text files,90371,75,1679
7965743,How can I set the aspect ratio in matplotlib?,90358,62,1680
938733,Total memory used by Python process?,89302,112,1714
3044620,Python vs. Java performance (runtime speed),87996,33,1739
10973614,Convert JSON array to Python list,87988,29,1740
9671224,"Split a python list into other ""sublists"" i.e smaller lists",87728,71,1749
11361985,Output data from all columns in a dataframe in pandas,87585,53,1756
3170211,Why declare unicode by string in python?,87509,83,1759
3694371,How do I initialize the base (super) class?,87254,66,1764
3969726,AttributeError: 'module' object has no attribute 'urlopen',86943,53,1779
11529273,Python condense if/else to one line?,86771,46,1783
2407398,How to merge lists into a list of tuples in Python?,86549,140,1785
13967428,ImportError: No module named six,86261,38,1796
2601194,Displaying a webcam feed using OpenCV and Python,85943,51,1802
1450132,Proxy with urllib2,85734,62,1805
3136059,Getting one value from a python tuple,85723,48,1806
875968,How to remove symbols from a string with Python?,84936,36,1832
191536,Converting XML to JSON using Python?,84163,91,1855
16814984,Python list iterator behavior and next(iterator),84025,84,1861
9860588,Maximum value for long integer,83559,58,1875
2632199,How do I get the path of the current executed file in Python?,82939,136,1893
18455222,How to count the number of letters in a string without the spaces?,82764,9,1898
18675907,How to run Conda?,82652,49,1903
377017,Test if executable exists in Python?,81785,201,1927
9754729,Remove object from a list of objects in python,80160,17,1971
4841436,What exactly does += do in python?,80059,22,1976
4783899,"Counting lines, words, and characters within a text file using Python",79829,6,1985
117250,How do I get a decimal value when using the division operator in Python?,79798,34,1986
11906575,How to import numpy in python shell,78704,7,2027
16877422,Parsing JSON responses,78690,54,2028
1746613,Bitwise operation and usage,78178,63,2049
3744568,Why do you have to call .iteritems() when iterating over a dictionary in python?,78087,127,2052
2805231,"How can I do DNS lookups in Python, including referring to /etc/hosts?",77999,65,2054
6929777,TypeError: 'float' object is not callable,77727,5,2058
1156087,Python search in lists of lists,77437,33,2069
5518435,Python: fastest way to create a list of n lists,77204,58,2073
17130975,Python vs Cpython,77119,168,2077
8177079,Python: take the content of a list and append it to another list,77116,76,2078
4588628,Find indices of elements equal to zero from numpy array,76932,63,2083
11248812,How to plot data from multiple two column text files with legends in Matplotlib?,76919,18,2084
1590608,Is it possible to forward-declare a function in Python?,76645,90,2092
1282945,Python integer division yields float,76497,114,2100
23870808,OSError - Errno 13 Permission denied,76053,16,2112
2150739,ISO Time (ISO 8601) in Python?,75946,80,2117
4081217,How to modify list entries during for loop?,75831,56,2123
949098,Python: split a list based on a condition?,74975,146,2151
5506110,Is it possible to install another version of Python to Virtualenv?,74166,114,2186
21294997,pip connection failure: cannot fetch index base URL http://pypi.python.org/simple/,73567,24,2214
17780291,python socket.error: [Errno 98] Address already in use,72988,16,2240
616645,How do I duplicate sys.stdout to a log file in python?,72822,110,2246
5929107,python decorators with parameters,72712,153,2249
4830535,Python: How do I format a date in Jinja2?,72664,127,2257
1054271,How to import a Python class that is in a directory above?,72209,95,2275
8953627,Python dictionary.keys() error,72085,37,2281
9857731,Python read in string from file and split it into values,71764,4,2296
9358983,python dictionary and default values,71588,95,2305
17179615,how to exit a python script in an if statement,71278,1,2321
1738109,How does the Python's range function work?,70585,12,2346
12547683,Python 3: EOF when reading a line (Sublime Text 2 is angry),70194,25,2364
191673,Preferred Python unit-testing framework,69718,243,2380
4320679,Django: Display Choice Value,69564,123,2389
15411107,Delete a dictionary item if the key exists,69089,114,2409
3788870,How to check if a word is an English word with Python?,68898,69,2417
2158395,Flatten (an irregular) list of lists,68579,281,2432
18942506,Add new column in Pandas DataFrame Python,68513,37,2436
21887754,numpy concatenate two arrays vertically,67997,30,2450
788411,Check to see if python script is running,67377,64,2479
9058305,Getting attributes of a class,67225,33,2481
3719243,Recommended .gitignore file for Python projects?,66762,88,2502
3094986,does write mode create a new file if not existing?,66280,19,2526
8884188,How to read and write INI file with Python3?,65795,49,2552
3730964,Python Script execute commands in Terminal,65746,31,2555
1218933,Can I redirect the stdout in python into some sort of string buffer?,65005,79,2591
31818050,Python 2.7: round number to nearest integer,64974,44,2592
15768757,How to construct a set out of list items in python?,64731,27,2600
6183276,How do I run Selenium in Xvfb?,64685,64,2603
1076536,Replacing values in a Python list/dictionary?,64535,21,2614
1896918,Running unittest with typical test directory structure,64354,331,2620
10065051,python-pandas and databases like mysql,64059,73,2639
19339,Transpose/Unzip Function (inverse of zip)?,63986,278,2644
7332841,Add single element to array in numpy,62712,36,2707
14295680,Cannot import a python module that is definitely installed (mechanize),62183,29,2741
4537411,Compile (but do not run) a Python script,62124,74,2745
11696472,seek() function?,62022,52,2750
19962736,Django import error - no module named django.conf.urls.defaults,62007,82,2753
3167154,How to split a dos path into its components in Python,61981,60,2757
3645787,set axis limits in matplotlib pyplot,61909,22,2762
4230725,how to execute a python script file with an argument from inside another python script file,61414,13,2792
16874598,How do I calculate the md5 checksum of a file in Python?,61100,36,2809
16182294,Installing MySQL Python on Mac OS X,60959,19,2819
2909975,"Python list directory, subdirectory, and files",60616,38,2834
7809698,"Can you make multiple ""if"" conditions in Python?",60363,8,2845
13685201,How to add hours to current time in python,60337,56,2847
3240458,How to increment the day in datetime? Python,59944,71,2876
11125429,size of NumPy array,59934,20,2879
13312043,Python:Efficient way to check if dictionary is empty or not,59876,22,2882
2642613,What is `related_name` used for in Django?,59451,150,2915
1254454,Fastest way to convert a dict's keys & values from `unicode` to `str`?,59382,53,2918
4004550,Converting string series to float list in python,59061,30,2934
1325581,How do I check if I'm running on Windows in Python?,58897,102,2940
1249388,Removing all non-numeric characters from string in Python,58859,71,2944
893657,How do I calculate r-squared using Python and Numpy?,58827,48,2947
11700593,Creating files and directories via Python,58674,9,2956
7270321,Finding the index of elements based on a condition using python list comprehension,58427,39,2969
3090302,"In Django, how do I objects.get, but return None when nothing is found?",58216,81,2981
13303449,urllib2.HTTPError: HTTP Error 403: Forbidden,58147,46,2986
11856493,Numpy `ValueError: operands could not be broadcast together with shape ...`,58104,17,2990
598398,Searching a list of objects in Python,57940,38,2997
9626535,Get domain name from URL,57592,66,3024
11328920,Is Python strongly typed?,57544,148,3027
26266362,How to count the Nan values in the column in Panda Data frame,57435,76,3034
3129322,How do I get monitor resolution in Python?,57395,52,3035
4380931,Installing mysql-python on Centos,57347,16,3038
1920145,How to find duplicate elements in array using for loop in Python?,57076,19,3055
14853243,Parsing XML with namespace in Python via 'ElementTree',56652,84,3087
10255273,Iterating on a file using Python,56399,31,3110
15445981,How do I disable the security certificate check in Python requests,56202,57,3115
10814452,How can I access global variable inside class in Python,55975,24,3136
8908760,"Should I use ""camel case"" or underscores in python?",55905,110,3139
567542,running a command as a super user from a python script,55786,20,3147
5125619,"Why list doesn't have safe ""get"" method like dictionary?",55719,105,3153
5333244,How to display a jpg file in Python?,55363,7,3173
20151141,How to get length of a list of lists in python,55215,3,3184
2467609,Using wget via Python,54260,25,3247
13224362,Principal Component Analysis (PCA) in Python,54247,31,3249
4641765,Add to integers in a list,53710,4,3297
12325454,How to get text of an element in Selenium WebDriver (via the Python api) without including child element text?,53169,22,3337
68986,What's a good lightweight Python MVC framework?,53129,64,3341
8746908,Why does CSV file contain a blank line in between each data line when outputting with Dictwriter in Python,52840,69,3361
13567345,How to calculate the sum of all columns of a 2D numpy array (efficiently),52825,20,3363
12987624,"Confusion between numpy, scipy, matplotlib and pylab",52518,111,3385
16420092,How to make Python script run as service?,52393,21,3396
23956353,TypeError when converting dictionary to JSON array,51886,28,3429
8120019,TypeError: 'float' object not iterable,51639,10,3451
14032066,Flask Optional URL parameters,51395,113,3469
1761744,Read password from stdin,51321,156,3476
203912,Does python support multiprocessor/multicore programming?,50995,61,3489
10741600,Running command lines within your Python script,50971,11,3492
6304040,Real world example about how to use property feature in python?,50764,96,3515
16572008,Python: print a variable in hex,50731,9,3521
764631,How to hide console window in python?,50556,40,3533
13571134,How to recursively go through all subdirectories and read files?,50151,26,3572
17340922,How to search if dictionary value contains certain string with Python,50035,7,3579
9405322,Python: Array v. List,49871,17,3600
10960805,apt-get install for different python versions,49292,12,3644
5508888,matching query does not exist Error in Django,48928,35,3676
30071886,"How to get current time in python and break up into year, month, day, hour, minute?",48915,54,3679
21370431,How to Access Hive via Python?,48765,21,3691
11091623,Python Packages Offline Installation,48434,61,3722
8018973,how to iterate through dictionary in a dictionary in django template?,48382,56,3726
9706769,Any tutorials for developing chatbots?,48285,56,3735
11637293,Iterate over object attributes in python,48193,59,3740
4576077,Python split text on sentences,47856,46,3771
4508849,How to log python exception?,46948,40,3844
14547916,How can I loop over entries in JSON?,46924,12,3848
26886653,pandas create new column based on values from other columns,46569,33,3876
13093727,How to replace unicode characters in string with something else python?,46490,16,3880
5096776,"unicode().decode('utf-8', 'ignore') raising UnicodeEncodeError",46357,35,3894
16346914,python 3.2 UnicodeEncodeError: 'charmap' codec can't encode character '\u2013' in position 9629: character maps to <undefined>,46114,23,3923
10867882,Tuple unpacking in for loops,46071,16,3928
370357,Python variable scope error,45863,144,3946
14863692,Insert data into MySQL table from Python script,45861,11,3948
14225608,Python: How to use RegEx in an if statement?,45503,18,3985
7575284,check output from CalledProcessError,45362,27,3994
7113032,Overloaded functions in python?,45319,46,3998
12551526,Retrieving specific POST data in Flask,45237,33,4005
3235386,Python: Using .format() on a Unicode-escaped string,45083,106,4023
6171210,Building Python and more on missing modules,44953,26,4039
2224742,Business days in Python,44821,31,4051
14944183,Python fastest way to read a large text file (several GB),44762,13,4058
3100985,plot with custom text for x axis points,44694,32,4070
9000164,How to check blas/lapack linkage in numpy/scipy?,44649,88,4072
9721884,Convert 2d numpy array into list of lists,44340,52,4097
4265988,Generate random numbers with a given (numerical) distribution,44195,41,4108
6230444,How to install python developer package?,43985,24,4128
14583761,TypeError: module.__init__() takes at most 2 arguments (3 given),43930,51,4141
7322334,"How to use Python Pip install software, to pull packages from Github?",43752,29,4155
849674,Simple threading in Python 2.6 using thread.start_new_thread(),43247,11,4203
16010992,"how to use ""/"" (directory separator) in both Linux and Windows?",42504,64,4288
21128899,How to make an auto increment integer field Django,42262,17,4313
8953844,Import module from subfolder,42185,40,4321
2580136,Does Python support short-circuiting?,42054,182,4339
15077424,Python: os.path.exists vs os.path.isdir,41867,25,4362
14946963,Tkinter Grid: How to position widgets so they are not stuck together,41823,13,4368
16149649,Remove carriage return in python,41612,-3,4388
4020539,Process escape sequences in a string in Python,41475,58,4399
1979004,"What is the difference between isinstance('aaa', basestring) and isinstance('aaa', str)?",41136,106,4429
1949318,Checking if a website is up via Python,40965,25,4455
8696322,Why does this AttributeError in python occur?,40923,22,4462
17095101,Outputting difference in two pandas dataframes side by side - highlighting the difference,40886,43,4469
6102908,How do I get IntelliJ to recognize common Python modules?,40700,121,4499
8552675,"Form sending error, Flask",40675,36,4502
24346872,Python equivalent of a given wget command,40459,11,4531
34472814,Use a.any() or a.all(),40212,14,4558
2191890,Conditional operator in Python?,39858,53,4611
4537259,python - how to pipe the output using popen?,39746,5,4623
2681243,How should I declare default values for instance variables in Python?,39433,49,4659
11621740,How to determine whether a year is a leap year in Python?,39322,17,4680
5155135,How to organize a Python Project?,39191,52,4697
3242314,"In Python, how does a for loop with `range` work?",39170,21,4701
10501247,Best way to generate random file names in Python,39134,50,4712
2005956,How do nested functions work in Python?,38866,39,4754
26570944,Resource u'tokenizers/punkt/english.pickle' not found,38843,51,4758
15729498,How to start and stop thread?,38781,4,4764
61605,Is it pythonic for a function to return multiple values?,38780,68,4765
9161773,"How can I get Selenium Web Driver to wait for an element to be accessible, not just present?",38746,24,4772
15304229,How can I convert Python ElementTree to string?,38678,30,4785
21874407,Python/IPython ImportError: no module named site,38664,14,4789
3435458,What is the best Python IDE for Mac OS X?,38574,9,4803
765736,Using PIL to make all white pixels transparent?,38508,31,4812
4688859,Stack data structure in python,38487,17,4816
14532875,creating for loop list.length,38210,6,4864
845112,Concise vector adding in Python?,38060,22,4885
11604548,Running python script in Blender,37799,17,4918
21206395,write to csv from DataFrame python pandas,37710,7,4928
8855574,Convert ndarray from float64 to integer,37668,22,4932
17839973,construct pandas DataFrame from values in variables,37580,44,4950
5823464,Django HttpResponseRedirect,37205,11,5008
11900828,store return value of a Python script in a bash script,37111,19,5019
17444679,Reading a huge .csv file,36825,29,5054
6044309,sqlalchemy: how to join several tables by one query?,36674,29,5082
2861770,How do I subtract two dates in Django/Python?,36603,28,5090
1907993,Autoreload of modules in IPython,36572,92,5097
25184097,Pylint invalid constant name,36571,30,5098
1096379,How to make urllib2 requests through Tor in Python?,36207,45,5139
5909873,How can I pretty-print ASCII tables with Python?,36207,41,5140
17507876,Trying to count words in a string,36093,9,5159
2343535,Easiest way to serialize a simple class object with simplejson?,35907,22,5196
17874360,"Python : How to parse the Body from a raw email , given that raw email does not have a ""Body"" tag or anything",35485,22,5268
1054116,printing bit representation of numbers in python,35431,38,5275
15742779,How can I edit PYTHONPATH on a Mac?,35233,7,5304
8089224,CSRF Token missing or incorrect,35227,13,5306
21682804,pop/remove items out of a python tuple,35129,5,5329
20441035,Unsupported operand type(s) for +: 'int' and 'str',34981,3,5359
22024661,Jinja2 template not rendering if-elif-else statement properly,34585,8,5432
14508809,Run PowerShell function from Python script,34422,10,5464
9187885,Trying to parse JSON in Python. ValueError: Expecting property name,34418,24,5467
8134602,psycopg2: insert multiple rows with one query,34319,64,5484
15974730,How do I get the different parts of a Flask request's url?,34267,42,5491
11964450,"python: order a list of numbers without built-in sort, min, max function",34129,3,5520
1101508,How to parse dates with -0400 timezone string in python?,34021,53,5538
23668427,pandas joining multiple dataframes on columns,33954,27,5551
11368486,OpenMP and Python,33615,33,5614
8225954,Python configuration file: Any file format recommendation? INI format still appropriate? Seems quite old school,33499,57,5638
22586286,"Python: Is there an equivalent of mid, right, and left from BASIC?",33487,11,5644
509710,Python quotient vs remainder,33415,-2,5654
4718071,How can I run my python script from the terminal in Mac OS X without having to type the full path?,33396,6,5658
554446,How do I prevent Python's urllib(2) from following a redirect,33357,41,5670
2656322,shutil.rmtree fails on Windows with 'Access is denied',33340,42,5677
2460401,How to stop Python program execution in IDLE,33062,9,5734
701704,Convert HTML entities to Unicode and vice versa,32722,41,5800
2890896,Extract IP address from an html string (python),32721,17,5801
3853722,Python argparse: How to insert newline in the help text?,32463,170,5854
1296501,Python - Find Path to File Being Run,32213,27,5897
246725,How do I add tab completion to the Python shell?,32059,69,5934
14359557,Reading YAML in python,31963,25,5953
14622314,python inserting variable string as file name,31766,7,5996
15707056,Get time of execution of a block of code in Python 2.7,31673,32,6026
1316357,zlib decompression in python,31664,5,6027
16387069,Open images? Python,31639,4,6029
10543303,number of values in a list greater than a certain number,31410,22,6091
21738566,"How to set a variable to be ""Today's"" date in Python/Pandas",31106,12,6163
7253803,How to get everything after last slash in a URL?,31086,35,6165
20360293,How To Get IPython Notebook To Run Python 3?,30885,55,6207
6243276,How to get the physical interface IP address from an interface,30752,14,6241
452969,Does python have an equivalent to Java Class.forName()?,30309,76,6349
22278993,AttributeError: 'module' object has no attribute 'request',30036,29,6426
9271712,Difference Between Multiple If's and Elif's Python,29913,30,6457
10645444,unbound method with instance as first argument got string but requires something else,29836,9,6470
29335423,Beginner Python: AttributeError: 'list' object has no attribute,29711,1,6506
3588657,Best Python text editor on Ubuntu?,29613,4,6534
772922,Free word list for use programmatically?,29505,24,6557
3629586,"Python ""if X == Y and Z"" syntax",29501,10,6558
22681832,Copying code into word document and keeping formatting,29449,8,6576
2621243,"the error ""invalid literal for int() with base 10:"" keeps coming up",29429,9,6579
3523048,Add another tuple to a tuple of tuples,29142,27,6660
7691599,"execute python script with function from command line, Linux",29101,7,6669
14863536,Iterate through Python dictionary by Keys in order,29072,23,6674
19081239,ValueError: could not convert string to float,29007,-4,6685
10934184,Python UnicodeDecodeError: 'ascii' codec can't decode byte 0xe2 ordinal not in range(128),28844,10,6734
11592261,Check if a string is hexadecimal,28577,22,6804
2609259,Converting string with UTC offset to a datetime object,28548,42,6810
6878418,Putting a `Cookie` in a `CookieJar`,28509,29,6819
10059345,sqlalchemy unique across multiple columns,28502,77,6821
2563822,How do you composite an image onto another image with PIL in Python?,28480,31,6824
18841703,Using PI in python 2.7,28478,7,6825
11699675,How to install gtk in python2.7?,28375,5,6851
8790003,"Dynamically import a method in a file, from a string",28262,29,6878
4330111,Python thread daemon property,27829,21,7009
21963270,How to execute a python script and write output to txt file?,27788,6,7024
9747158,Python Spyder reset,27125,7,7218
6397063,How do I configure PyCharm to run py.test tests?,27120,50,7220
13669252,What is key=lambda,27010,21,7252
2695152,"In Python, how do I decode GZIP encoding?",26962,24,7265
932328,Python: defining my own operators?,26767,37,7345
1548474,python html generator,26741,16,7352
22233488,Pandas: drop a level from a multi-level column index?,26394,58,7457
3963201,Select between two dates with Django,26364,61,7476
1216340,Django newbie deployment question - ImportError: Could not import settings 'settings',26307,14,7499
1057843,How can I import a package using __import__() when the package name is only known at runtime?,26061,14,7581
2764520,Not enough arguments for format string,26044,11,7587
23915661,python: can't open file 'django-admin.py': [Errno 2] No such file or directory,25659,9,7719
23002762,Pandas: SettingWithCopyWarning,25464,16,7785
3238893,"Does anyone have a ""dark"" pycharm schema file?",25439,16,7794
2331943,How to decode JSON with Python,25345,19,7832
24039023,add column with constant value to pandas dataframe,25181,27,7879
399956,How to integrate pep8.py in Eclipse?,25151,84,7892
11963019,Running python script from inside virtualenv bin is not working,25023,14,7943
22483588,How can I plot separate Pandas DataFrames as subplots?,24860,36,8007
719127,Django Template - New Variable Declaration,24706,13,8050
15436749,How to Call Soap API with Python,24583,10,8098
1089936,Is & faster than % when checking for odd numbers?,24309,24,8208
26110973,"Emmet - Notepad++ ""Unknown exception""",24245,19,8232
5875177,How to close a socket left open by a killed program?,24109,29,8284
11937985,How to use  PIL (Python Image Library)  rotate image and let black background to be transparency,23666,6,8456
2736144,"Python, add trailing slash to directory string, os independently",23372,42,8549
9041681,OpenCV Python rotate image by X degrees around specific point,23367,15,8552
20180210,Python how to combine two matrices in numpy,23258,9,8599
14657433,correlation matrix in python,23228,13,8607
9499286,Using Google OAuth2 with Flask,23209,50,8614
5515720,Python Smooth Time Series Data,23164,11,8642
4948043,pcap python library?,23028,18,8705
24380442,"Getting ""error: Unable to find vcvarsall.bat"" when running ""pip install numpy"" on windows7 64bit",22958,7,8732
17247981,How to tell Python to automatically use the proxy setting in Windows XP like R's internet2 option?,22898,6,8758
1189111,Unicode to UTF8 for CSV Files - Python via xlrd,22759,18,8820
4296138,Use wildcard with os.path.isfile(),22646,18,8869
2568783,"Python: why does `random.randint(a, b)` return a range inclusive of `b`?",22418,29,8964
18602234,"Sed to remove everything after ""."" in file using * command?",22298,3,9024
5255657,How can I disable logging while running unit tests in Python Django?,22255,100,9040
3800846,Differences between `input` and `raw_input`,22117,5,9102
1857146,Python attribute error: type object '_socketobject' has no attribute 'gethostbyname',22079,8,9118
715550,Best way to encode tuples with json,22075,26,9123
15596121,Converting a String into Dictionary python,22008,7,9150
25494726,How to use pygame.KEYDOWN,21882,2,9198
1394998,Parsing SQL with Python,21849,33,9209
7389759,memory-efficient built-in SqlAlchemy iterator/generator?,21831,49,9215
5266430,How to see the real SQL query in Python cursor.execute,21484,21,9384
8335096,Iterate over nested dictionary,21373,16,9439
4158502,Python: kill or terminate subprocess when timeout,21341,15,9451
2657693,Insert a newline character every 64 characters using Python,21255,17,9492
5755023,Why to use __setattr__ in python?,21158,16,9541
2276768,"Django, query filtering from model method",20901,51,9675
7534622,selecting an iframe using python selenium,20899,10,9677
14379103,double for loops in python,20837,2,9709
2264684,Embed Google Docs PDF viewer in IFRAME,20680,4,9784
16215045,TypeError: <lambda>() takes no arguments (1 given),20652,9,9799
21633580,Pandas: Counting unique values in a dataframe,20465,7,9899
23175809,TypeError - Translate takes one argument.(2 given) Python,20396,20,9935
18784354,"imshow when you are plotting data, not images. Realtion between aspect and extent?",20259,6,10004
6455560,How to get column names from SQLAlchemy result (declarative syntax),20197,17,10035
8519599,"python: dictionary to string, custom format?",19999,15,10128
21308762,Avoid twitter api limitation with Tweepy,19996,15,10129
4902333,Django: How to make a form with custom templating?,19991,16,10133
9557704,Why doesn't pyplot.show() work?,19863,17,10203
29368205,"""Can't find Python executable..."" - npm install hangs",19841,4,10212
9481419,How can I get the public IP using python2.7?,19743,30,10267
5532498,Delete files with python through OS shell,19549,9,10370
4145775,How do I convert a Python list into a C array by using ctypes?,19397,27,10454
13730945,How do I return HTTP error code without default template in Tornado?,19372,24,10470
11772624,PyQt dialog - How to make it quit after pressing a button?,19288,5,10542
10833163,How to kill a WxPython application when user clicks a frame's close,19160,11,10623
1800187,replace values in an array,19148,12,10632
11474391,Is there go up line character? (Opposite of \n),19117,27,10652
16692593,How to import python modules and expose the methods in Robot Ride,18831,3,10827
24992511,Selenium Python 2 find element by name and value?,18811,3,10839
15124833,Check if element exists in tuple of tuples,18526,24,11015
18619880,Matplotlib adjust figure margin,18429,9,11078
22592686,Compiling Python 3.4 is not copying pip,18376,30,11114
3121186,Error with urlencode in python,18323,24,11142
7165465,Optimizing Python Code,18176,11,11236
14792605,python flask import error,18108,15,11282
7629643,How do I validate the format of a MAC address?,18062,11,11315
978643,"Vim, Python, and Django autocompletion (pysmell?)",17805,47,11501
10905427,How to execute a UNIX command in Python script,17802,0,11504
3123796,How to make an auto-filled and auto-incrementing field in django admin,17675,12,11588
15809296,"Python SyntaxError: (""'return' with argument inside generator"",)",17438,13,11760
16526783,Python Subprocess: Too Many Open Files,17436,11,11767
15463004,How can I send a GET request from my flask app to another site?,17333,21,11851
21374253,django rest framework filter,17296,16,11876
6666748,Python sort list of lists / ascending and then decending,17285,20,11886
19985640,Change QLabel text dynamically in PyQt4,17253,3,11903
19308177,Converting Roman Numerals to integers in python,17219,7,11932
749682,What is the format in which Django passwords are stored in the database?,17173,24,11970
8500700,How to plot a gradient color line in matplotlib?,17170,23,11972
2089419,attribute 'tzinfo' of 'datetime.datetime' objects is not writable,17091,22,12022
3375804,python: print values from a dictionary,17013,1,12089
4189717,Get process name by PID,16713,23,12329
14835852,Convert sql result to list python,16664,1,12366
1501651,Log output of multiprocessing.Process,16575,46,12442
5616032,Making Python batch files,16549,2,12469
20588417,How to change font and size of buttons and frame in tkinter using python?,16189,5,12742
4340873,"How do you switch between python 2 and 3, and vice versa?",16143,13,12781
7162366,Get location of the .py source file,16120,29,12807
11450158,how do i set proxy for chrome in python webdriver,16118,10,12813
16849483,Which is the recommended way to plot: matplotlib or pylab?,16005,43,12920
17498256,gevent/libevent.h:9:19: fatal error: event.h: No such file or directory,16002,20,12922
11354149,Python: Unable to Render Tex in Matplotlib,15894,21,13020
5213673,HTTP error 415 what am I doing wrong?,15789,3,13127
17680256,What is the difference between %i and %d in Python?,15726,4,13185
25613565,Python Json loads() returning string instead of dictionary?,15623,5,13271
1821176,Django: check whether an object already exists before adding,15555,22,13314
22219004,grouping rows in list in pandas groupby,15462,27,13400
26443308,Find last occurrence of character in string Python,15344,12,13506
20848300,unable to create autoincrementing primary key with flask-sqlalchemy,15203,12,13628
17725927,Boxplots in matplotlib: Markers and outliers,15011,26,13789
2532321,Python: ImportError no module named urllib,14998,0,13809
10886039,How to get POST variables in jQuery,14985,0,13820
21820267,Python error: 'dict' object is not callable,14946,2,13853
3644409,Multiple values for key in dictionary in Python,14936,7,13868
454944,Advice on Python/Django and message queues,14932,40,13874
2151517,Pythonic Way to Create Union of All Values Contained in Multiple Lists,14808,32,13971
30964836,Scrapy throws ImportError: cannot import name xmlrpc_client,14725,32,14077
2526681,I need a simple command line program to transform XML using an XSL Stylesheet,14703,15,14103
5666056,matplotlib - extracting data from contour lines,14582,39,14226
5285858,Determining what version of Flask is installed,14492,22,14319
14071135,Import file using string as name,14275,6,14532
26779618,Python - Find second smallest number,14213,1,14587
16600174,return output of dictionary to alphabetical order,14114,6,14686
18528533,pretty print pandas dataframe,13971,14,14836
2484527,Is it possible to plot implicit equations using Matplotlib?,13969,17,14837
7194665,Read in file - change contents - write out to same file,13903,6,14919
3749020,how to bold csv data in excel?,13865,6,14950
6083531,Order of keys in Python dictionary,13824,28,14983
12730293,How does telnet differ from a raw tcp connection,13806,11,15001
24793351,Django: AppRegistryNotReady(),13746,26,15080
7582333,Python: get datetime of last hour,13711,19,15123
20244691,Python & Selenium - how do I find all element IDs on a page?,13666,8,15173
1599754,Is there easy way in python to extrapolate data points to the future?,13462,8,15386
5824382,"""Enabling"" comparison for classes",13457,5,15390
8959187,os.path.isfile does not work as expected,13437,7,15415
18517764,Python file upload from url using requests library,13361,4,15504
1094185,How to serve any file type with Python's BaseHTTPRequestHandler,13351,8,15512
4480316,"Python equivalent of Perl file test readable (-r), writeable (-w) and executable (-x) operators",13311,11,15551
6209616,Get email subject and sender using imaplib?,13156,1,15746
25346058,Removing list of words from a string,13150,10,15754
22255589,Get all keys in Redis database with python,13135,13,15774
21738383,Python difference between randn and normal,12910,9,16015
10191733,How to do a HTTP DELETE request with Requests library,12878,11,16050
13136060,Why can't pip uninstall pysqlite?,12844,11,16102
3681872,Shading an area between two points in a matplotlib plot,12839,22,16105
6714527,"""TypeError: string indices must be integers"" when trying to make 2D array in python",12781,6,16184
1514573,Neural Network Example Source-code (preferably Python),12685,11,16311
1172769,Connecting to APNS for iPhone Using Python,12668,12,16332
6223285,shortest python quine?,12537,23,16507
28004960,sudo pip install django,12525,15,16519
21883912,ImportError: No module named pxssh,12484,4,16575
13550423,Python printing without commas,12359,5,16734
32514704,Keras LSTM Time Series,12340,8,16761
590250,How to change a Python module name?,12241,5,16918
15961979,How do I plot a spectrogram the same way that pylab's specgram() does?,12232,8,16929
19926246,Inserting a degree symbol into python plot,12138,13,17051
15806414,Storing multidimensional arrays in pandas DataFrame columns,11949,6,17297
23441657,Pycharm: run only part of my Python file,11933,7,17322
14228572,Python - Properly Use OR function,11826,2,17470
17961318,Read Frames from RTSP Stream in Python,11802,5,17507
25360450,Openpyxl missing 'jdcal',11712,6,17650
8793448,How to convert to a Python datetime object with JSON.loads?,11606,17,17821
7403918,Cross-platform Desktop directory path?,11583,14,17865
13588454,Invoking python under CygWin on Windows hangs,11581,24,17867
1446549,How to identify binary and text files using Python?,11536,12,17959
1034846,Finding Nth item of unsorted list without sorting the list,11528,15,17972
2057419,Delete item in a list using a for-loop,11424,4,18147
26091641,"What does a ""Could not find .egg-info directory in install record"" from pip mean?",11405,8,18184
12269528,"Using python pandas to parse CSV with date in format Year, Day, Hour, Min, Sec",11400,5,18188
3501588,How to assign a local file to the FileField in Django?,11392,17,18197
3374878,"With the Python Imaging Library (PIL), how does one compose an image with an alpha channel over another image?",11340,9,18279
18388870,ipython pandas plot does not show,11339,17,18281
1528932,How to create inline objects with properties in Python?,11251,25,18407
3402520,Is there a way to force lxml to parse Unicode strings that specify an encoding in a tag?,10989,10,18836
13626406,Setting focus to specific TKinter entry widget,10946,6,18905
2035733,how to modularize django settings.py?,10910,18,18966
3067529,A set union find algorithm,10875,15,19025
25337706,setuptools vs. distutils: Why is distutils still a thing?,10811,57,19135
8203622,argparse store false if unspecified,10706,26,19334
8024805,Cython compiled C extension: ImportError: dynamic module does not define init function,10607,32,19506
7323434,"IntegrityError: (1062, Duplicate entry for key)",10563,2,19597
4108258,Update model django through kwargs,10499,15,19735
4784567,Show a ManyToManyField as Checkboxes in Django Admin,10437,14,19855
11629552,TypeError: unsupported type for timedelta days component: datetime.datetime,10383,2,19965
9667462,"Backspace behavior in Python statement, what is correct behavior of printing a '\b' in code?",10335,5,20059
6213336,Reading file string into an array (In a pythonic way),10332,3,20070
14099872,Concatenating two range function results,10262,19,20201
17731477,Python mock class instance variable,10254,6,20216
29281935,What exactly does the T and Z mean in timestamp?,10208,14,20303
14193438,Are Python sets mutable?,10151,9,20409
12325608,Iterate over a dict or list in Python,10049,12,20620
16115713,How Pony (ORM) does its tricks?,10047,89,20626
5953297,Python eigenvectors,10033,5,20657
13021997,How to print elements in a list in new lines?,9959,2,20806
11838352,Multiply several matrices in numpy,9952,15,20824
9465236,"Python - Twisted, Proxy and modifying content",9879,15,20984
4591994,What front-end and back-end technologies do Google and Facebook use?,9854,15,21043
12335488,Cannot use environment variables for settings in Django,9790,10,21194
22751000,Split large text file(around 50GB) into multiple files,9781,5,21218
25372911,python/pip error on osx,9767,13,21243
17967586,Migrating to MongoDB: how to query GROUP BY + WHERE,9734,5,21315
1303021,Shortest hash in python to name cache files,9681,17,21432
2984460,Do you use Python mostly for its functional or object-oriented features?,9675,19,21446
17911980,Selenium (with python) how to modify an element css style,9670,12,21458
2672315,Python urllib.urlopen IOError,9603,3,21601
921334,How to use classes derived from Python's list class,9551,6,21736
19939365,Installing Python module with pip,9526,11,21793
19583217,Python: object has no attribute,9439,3,21977
2638909,Killing a subprocess including its children from python,9353,16,22167
4384360,Which Python async library would be best suited for my code? Asyncore? Twisted?,9346,18,22187
15786421,HTTP Error 504: Gateway Time-out when trying to read a reddit comments post,9277,2,22344
1661275,Disable boto logging without modifying the boto files,9268,25,22360
9958506,Element-wise string concatenation in numpy,9226,13,22465
9009572,How does python's random.Random.seed work?,9214,9,22503
3336767,Overriding inherited properties getters and setters in Python,9170,19,22617
12191339,add data files to python projects setup.py,9072,8,22842
19399975,python-requests 2.0.0 - [Errno 8] _ssl.c:504: EOF occurred in violation of protocol,9028,4,22968
24592036,Is Beautiful Soup available for Python 3.4.1?,9020,10,22994
16460468,Can we call a python method from java?,8991,2,23064
19718531,Selecting unique observations in a pandas data frame,8957,5,23157
5678968,Listing Related Fields in Django ModelAdmin,8918,2,23270
2040108,Opensource Online IDE,8900,11,23318
25363966,Find and click element by title Python Selenium,8875,4,23378
12190716,How to do a 'groupby' by multilevel index in Pandas,8836,8,23475
28259697,how to POST contents of JSON file to RESTFUL API with Python using requests module,8746,0,23714
8541956,django-admin: Add extra row with totals,8744,26,23718
4479103,"django, what is related_name for? and how do i create shared columns to use across project?",8743,9,23720
9680073,How do I use Flask routes with Apache and mod_wsgi?,8729,14,23761
14274916,Execute Twisted reactor.run() in a thread?,8727,5,23766
16196712,python to wait for shell command to complete,8671,2,23934
7088321,how to show a django ModelForm field as uneditable,8597,3,24145
19462431,python Tkinter label changing text value by Button Command,8580,1,24188
1780003,Import Error on boost python hello program,8526,14,24340
20418807,python parse html table using lxml,8507,5,24396
19334604,Creating seed data in a flask-migrate or alembic migration,8502,19,24412
20801034,How to measure download speed and progress using requests?,8412,4,24668
14931769,How to get all combination of n binary value?,8338,7,24865
4419752,How to run 'python setup.py install' from within Python?,8338,6,24862
10780423,python split function -avoids last empy space,8331,12,24880
14649347,urllib2 error no host given,8315,1,24923
7817926,compile libdnet for python 2.7,8278,3,25030
14410580,Parsing large tcpdump files in python,8212,4,25223
9570593,TypeError: str object is not callable,8027,1,25773
25383187,Flask tutorial - 404 Not Found,8001,5,25853
19921259,Can't see my celery logs,7927,4,26080
18534562,Scipy: lognormal fitting,7836,14,26380
19411767,.split python word count,7815,0,26460
19807134,Python sub process Ctrl+C,7809,22,26481
26568722,remove unicode emoji using re in python,7804,5,26496
8621669,Admin interface for SQLAlchemy?,7773,7,26587
17286672,Creating percentile buckets in pandas,7769,17,26599
18744584,Exception Value: 'NoneType' object has no attribute 'endswith',7676,2,26924
12351786,Python : Converting CLI to GUI,7649,5,27029
20723615,python + json: parse to list,7617,1,27135
5253358,How to launch a Python file on Windows 7?,7604,2,27174
6443392,Python how to grab certain number of lines after match,7571,1,27278
14120502,How to download and write a file from Github using Requests,7569,9,27288
22739382,How to choose which version of python runs from terminal?,7551,7,27347
15653966,Ignore KeyError and continue program,7550,4,27354
4135344,Is there any direct way to generate pdf from markdown file by python,7387,18,27914
17050202,Plot timeseries of histograms in Python,7373,7,27966
12667764,Django limit query,7361,2,28011
14043934,python time offset,7349,10,28054
12565098,Python: How to check if a string is a valid IRI?,7330,13,28132
20045175,'str' object has no attribute 'META',7303,4,28241
6703652,Limit the queryset of entries displayed for a django admin Inline,7263,12,28373
14211340,Automatically cropping an image with python/PIL,7246,9,28443
14114306,Python Tkinter Grid Manager and Entry Widget,7227,2,28516
5035390,"Submit without the use of a submit button, Mechanize",7226,10,28521
21336803,Merge two numpy array's of different shape into a single array,7201,4,28636
35309042,python-How to set global variables in Flask?,7198,1,28647
28129287,How to properly upgrade numpy on Windows 7?,7132,2,28935
5058617,Bearing between two points,7119,4,28994
14611714,"Python/Pycharm, Ctrl-Space does not bring up code completion",7011,3,29426
5532546,AttributeError: 'search' object has no attribute 'status_code' in django project,7010,5,29429
7167253,Is there a Java equivalent of Python's 'enumerate' function?,7009,46,29434
9668552,Sikuli UnsatisfiedLinkError when using sikuli-script.jar,6912,2,29853
7589238,Save the selected value of a combobox in wxpython,6853,1,30128
10989585,Python creating a list with itertools.product?,6843,6,30169
13652089,Regular expression in python: removing square brackets and parts of the phrase inside of the brackets,6806,2,30337
18732250,Installing numpy on Amazon EC2,6795,9,30377
3744108,Clear the window in tkinter,6785,1,30422
24041885,Conditionally join a list of strings in Jinja,6663,9,30980
4331892,Python: sort this dictionary (dict in dict),6581,11,31336
1369548,"Django admin, custom error message?",6547,8,31506
33216679,/usr/bin/python3: Error while finding spec for 'virtualenvwrapper.hook_loader' (<class 'ImportError'>: No module named 'virtualenvwrapper'),6538,6,31552
5481282,How do I measure the execution time of python unit tests with nosetests?,6504,26,31679
31807544,How to Perform groupBy in PySpark?,6502,2,31688
18873050,How to pass complex objects across view functions/sessions in Flask,6405,8,32126
24732872,dateutil.parser.parse() and lost timezone information,6405,6,32128
4027961,Describe your customized Vim editor for Python/Django development?,6306,26,32605
11706505,"Python: Pokemon battle (classes, functions)",6283,2,32719
24647400,What is the best stemming method in Python?,6277,7,32741
9404628,Python script to translate via google translate,6232,2,32979
987237,adding a **kwarg to a class,6183,3,33210
5858916,Find array item in a string,6174,4,33247
2243266,Threads in twisted... how to use them properly?,6171,9,33261
15481934,IOError: [Errno 2] No such file - Paramiko put(),6138,4,33404
9286738,Pygame Erasing Images on Backgrounds,6127,2,33461
987217,How can I change a user agent string programmatically?,6099,4,33610
27115338,Python: determining if a number is prime,6091,-2,33646
11184557,how to implement nested item in scrapy?,6045,15,33859
7087287,adding to a list defined in a function,6007,3,34054
14626395,How to properly convert a C ioctl call to a python fcntl.ioctl call?,5980,6,34182
17335649,How to specify column names while reading an Excel file using Pandas?,5918,5,34509
7503567,"Python, how i can get gif frames",5857,5,34848
3606202,How can I import a python module function dynamically?,5843,10,34925
16335181,Starting a stopped EC2 instance with Boto,5800,7,35180
5577637,python logging to multiple files,5756,9,35433
27843481,"Python project using protocol buffers, Deployment issues",5755,3,35435
21040766,Python pandas rolling_apply two column input into function,5742,8,35512
2964244,Django: Meaning of leading underscore in list of tuples used to define choice fields?,5625,38,36155
21961806,Method delegation in python,5594,3,36339
18996714,How to turn pandas dataframe row into ordereddict fast,5589,9,36369
31576258,AttributeError: '_socketobject' object has no attribute 'set_tlsext_host_name',5540,13,36658
8614065,Show values in bar chart using pyplot,5539,1,36668
21550106,paramiko recursive directory copy python,5525,0,36747
12628958,Remove small words using Python,5485,14,36996
11165521,Using subprocess with select and pty hangs when capturing output,5462,5,37162
1128074,"wxPython, how do I fire events?",5406,2,37500
9343781,Return text string from physical coordinates in a PDF with Python,5393,2,37606
3871388,Reading from a file using pickle and for loop in python,5377,8,37702
18091109,float object has no attribute __getitem__,5328,1,38010
13503079,How to create a copy of a python function,5326,16,38022
10686657,Reading data from text file with missing values,5305,6,38148
23611396,Python: execute cat subprocess in parallel,5271,6,38346
2720484,Use Twisted's getPage as urlopen?,5228,5,38631
16895282,Should I use brew or pip for installing matplotlib?,5208,7,38737
6981064,Safeguarding MySQL password when developing in Python?,5181,9,38902
3816105,Tornado Request Handler,5158,2,39053
17778394,List Highest Correlation Pairs from a Large Correlation Matrix in Pandas?,5129,14,39278
35918605,How to delete a table in SQLAlchemy?,5058,2,39754
15988871,"HDFStore.append(string, DataFrame) fails when string column contents are longer than those already there",5051,8,39806
11200926,scrapy authentication login with cookies,5017,6,40042
30531766,Float must be a string or a number?,5008,4,40102
8268551,Interpolate a discontinuous function with Scipy,5007,2,40116
23836277,Add Leading Zeros to Strings in Pandas Dataframe,4994,9,40206
19519607,Using if/else statement and exit function in Python,4938,1,40617
6962738,Twisted unhandled error,4934,8,40653
21390612,TypeError: 'int' object does not support item assignment,4880,3,41033
12550473,Python Lists input- Integers and Strings,4872,1,41083
533726,How do I use the the Django ORM to query this many-to-many example?,4867,5,41117
11317946,Using ffprobe '-show_format_entry' option,4809,2,41563
9271353,Python Searching for String and printing the file it is in,4784,1,41765
20061176,Python wait and check if file is created completely by external program,4767,3,41899
9327791,Python datetime to XML Schema timestamp format,4691,10,42522
20428355,Appending Column to Frame of HDF File in Pandas,4688,4,42547
23927803,Anaconda/MacOS: Change default python version,4650,7,42855
18153044,Scapy fails to send ipv6 packets,4607,1,43207
1922254,Python: when to use pty.fork() versus os.fork(),4577,13,43422
14405544,add a field in pandas dataframe with MultiIndex columns,4491,10,44138
5320205,Matplotlib text dimensions,4467,15,44326
20838201,Resize display resolution using python with cross platform support,4442,11,44542
28279732,How to type negative number with .isdigit?,4438,2,44584
7775062,"porting Python 2 program to Python 3, random line generator",4398,5,44934
21050110,sklearn GridSearchCV with Pipeline,4350,10,45359
13368659,How can I loop through an IP address range in python,4317,3,45666
17634533,Saving custom user model with django-allauth,4292,2,45901
12731897,Group by Foreign Key and show related items - Django,4281,7,46003
2697640,Multiprocessing Bomb,4266,32,46156
19760486,Resetting the expiration time for a cookie in Flask,4201,9,46748
3037558,"Hacking Django Admin, hooks for login/logout",4172,5,47053
27560432,Reverse for 'login' with arguments '()' and keyword arguments '{}' not found,4171,1,47059
14153816,Matplotlib axis labels: how to find out where they will be located?,4169,6,47080
22024338,How do I convert objects to datetime in a Pandas dataframe?,4155,2,47210
37950525,Using deep learning models from TensorFlow in other language environments,4154,7,47219
20020213,Python re.findall,4151,1,47244
10180344,Why does python `any` return a bool instead of the value?,4142,36,47343
6003984,Django: How to save a formset based on two models,4116,4,47581
33303899,issue on import psutil inside python script,4106,0,47679
6775023,How to read Unsigned integer from binary file?,4095,3,47802
11797597,"django - int argument must be a string or a number, not 'Tuple'",4066,5,48103
20693968,connecting to SQL database on my web server from Raspberry pi,4038,2,48421
22597716,Why does Python remove leading zeroes when converting from string to int?,4035,1,48458
5532010,How do I install modules in Python on Windows?,4007,0,48741
18949161,Sorting Python Dictionary based on Key?,4000,2,48803
19748392,hide C++ static object when building a shared library for ctypes,3980,3,49008
2935605,SQLAlchemy - relationship limited on more than just the foreign key,3946,4,49377
9111253,"decode urlencoded string, or apache rejects url due to '/' in params",3935,1,49477
10340290,Python BeautifulSoup - Looping through multiple pages,3933,2,49493
29186436,Multiple linear regression in pandas statsmodels: ValueError,3897,3,49880
2530770,python MySQLdb got invalid syntax when trying to INSERT INTO table,3893,1,49922
